USE meals_generator;

INSERT INTO ShoppingCategory (Id, Code, Name)
VALUES (1, 'BUTCHERY', 'Boucherie/Charcuterie')
, (2, 'GROCERY', 'Épicierie')
, (3, 'CREAMERY', 'Crémerie')
, (4, 'VEGETABLE&FRUIT', 'Fruit/Légume')
, (5, 'OTHER', 'Autres')
;

INSERT INTO UnitCategory (Id, Code)
VALUES (1, 'MASS')
, (2, 'VOLUME')
, (3, 'OTHER')
;

INSERT INTO Unit (Id, Name, Code, ConversionFactor, CategoryId)
VALUES (1, 'Gramme', 'g', 0.001, 1)
, (2, 'Kilogramme', 'kg', 1, 1)
, (3, 'Litre', 'l', 1, 2)
, (4, 'Centilitre', 'cl', 0.01, 2)
, (5, 'Millilitre', 'ml', 0.001, 2)
, (6, 'Décilitre', 'dl', 0.1, 2)
, (7, 'Cuillère à café', 'c.c', 0.005, 2)
, (8, 'Cuillère à soupe', 'c.s', 0.015, 2)
, (9, 'Cuillère à dessert', 'c.d', 0.01, 2)
, (10, 'Goutte', 'goutte', 0.00005, 2)
, (11, 'Unité', '', NULL, 3)
, (12, 'Sachet', 'sachet', NULL, 3)
, (13, 'Pincée', 'pincée', 0.002, 1)
, (14, 'Botte', 'botte', NULL, 3)
;

INSERT INTO Ingredient (Id, Name, DefaultUnitId)
VALUES (1, 'Chocolat pâtissier', 1)
, (2, 'Sucre', 1)
, (3, 'Farine', 1)
, (4, 'Eau', 4)
, (5, 'Huile de tournesol', 4)
, (6, 'Huile d''olive', 4)
, (7, 'Sel', 1)
, (8, 'Oeuf(s)', 11)
, (9, 'Lentilles vertes', 1)
, (10, 'Levure', 12)
, (11, 'Champignon(s) de Paris', 1)
, (12, 'Courgette(s)', 11)
, (13, 'Fêta', 1)
, (14, 'Lait', 4)
, (15, 'Emmental râpé', 1)
, (16, 'Poivre', 1)
, (17, 'Oignon(s) jaune', 11)
, (18, 'Tomate(s)', 11)
, (19, 'Aubergine(s)', 11)
, (20, 'Poivron(s) rouge', 11)
, (21, 'Bouquet garni', 11)
, (22, 'Cube de bouillon de légumes', 11)
, (23, 'Cube de bouillon volaille', 11)
, (24, 'Gousse d''ail', 11)
, (25, 'Pomme(s) de terre (variété à chair tendre)', 2)
, (26, 'Crème fraîche', 4)
, (27, 'Muscade', 1)
, (28, 'Ciboulette fraîche', 14)
, (29, 'Concombre(s)', 11)
, (30, 'Moutarde', 8)
, (31, 'Vinaigre', 8)
, (32, 'Saucisse(s) fumée(s)', 11)
, (33, 'Carotte(s)', 11)
, (34, 'Pomme(s) de terre (variété à chair ferme)', 2)
, (35, 'Paprika', 1)
, (36, 'Vermicelles', 1)
;

INSERT INTO Recipe (Id, Name, DefaultPersonNumber, PreparationTime, CookingTime)
VALUES (1, 'Cake salé à la fêta et aux courgettes', 4, 15, 45)
, (2, 'Ratatouille au Cookeo', 4, 15, 20)
, (3, 'Purée de pommes de terre', 4, 30, 45)
, (4, 'Concombres à la crème', 2, 15, 0)
, (5, 'Concombres à la vinaigrette', 2, 15, 0)
, (6, 'Saucisses lentilles au Cookeo', 2, 15, 20)
, (7, 'Frites au four', 2, 15, 40)
, (8, 'Pommes de terre rôties au four', 2, 15, 40)
, (9, 'Velouté de courgettes au Cookeo', 4, 15, 15)
, (10, 'Carottes râpées', 2, 15, 0)
, (11, 'Tomates à la vinaigrette', 2, 15, 0)
, (12, 'Velouté de tomates', 4, 20, 10)
, (13, 'Bouillon de volaille aux vermicelles', 2, 5, 15)
;

INSERT INTO Instruction (RecipeId, `Order`, Content)
VALUES (1, 1, 'Couper la courgette en cube et la faire revenir dans un peu de matière grasse.')
, (1, 2, 'Lancer le préchauffage du four à 180°C (thermostat 6).')
, (1, 3, 'Mélanger la farine et la levure.')
, (1, 4, 'Ajouter les oeufs, le lait et l''huile puis mélanger.')
, (1, 5, 'Ajouter l''emmental râpé (option), la courgette, le sel et le poivre puis mélanger.')
, (1, 6, 'Couper la fêta en cube, l''ajouter à la préparation puis mélanger.')
, (1, 7, 'Verser la préparation dans un moule à cake préalablement beurré.')
, (1, 8, 'Enfourner 45 min à 180°C.')
, (2, 1, 'Laver et couper en cubes les courgettes, les aubergines, le poivron et les tomates.')
, (2, 2, 'Éplucher et émincer l''oignon et l''ail.')
, (2, 3, 'Dans la cuve du Cookeo, metrre l''huile et l''oignon et démarrer le mode dorer pendant 2 minutes.')
, (2, 4, 'Ajouter ensuite le reste des légumes et l''ail et prolonger le mode dorer pendant encore 2 minutes.')
, (2, 5, 'Ajouter ensuite l''eau, le bouquet garni, le sel et le poivre puis programmer 10 minutes en cuisson sous pression.')
, (3, 1, 'Éplucher et couper les pommes de terre en morceaux.')
, (3, 2, 'Les mettre à cuire dans un grand volume d''eau salée jusqu''à ce que la pointe d''un couteau rentre facilement dans la chair.')
, (3, 3, 'Passer les pommes de terre au moulin à légumes.')
, (3, 4, 'Ajouter le lait pour délayez jusqu''à la consistance souhaitée, la crème fraîche pour l''onctuosité et un peu de muscade râpée.')
, (3, 5, 'Rectifier l''assaisonnement et servez bien chaud.')
, (4, 1, 'Nettoyer, éplucher (ou non) et couper les concombres en fines rondelles. Les placer dans un saladier. Réserver au frais.')
, (4, 2, 'Nettoyer et essuyer la ciboulette. La ciseler finement. Mélanger la crème et la ciboulette. Saler et poivrer. Réserver au frais.')
, (4, 3, 'Au moment de la dégustation, disposer les rondelles de concombre dans les assiettes et les napper de sauce à la crème.')
, (5, 1, 'Nettoyer, éplucher (ou non) et couper les concombres en fines rondelles. Les placer dans un saladier. Réserver au frais.')
, (5, 2, 'Pour la vinaigrette, dans un bol, ajouter la moutarde puis le vinaigre. Mélanger. Ajouter l''huile d''olives. Mélanger.')
, (5, 3, 'Mélanger les concombres et la vinaigrette.')
, (6, 1, 'Couper les saucisses en rondelles épaisses. Émincer l''oignon. Couper les carottes en rondelles.')
, (6, 2, 'Faire revenir en mode Dorer les rondelles de saucisses avec l''oignon.')
, (6, 3, 'Ajouter les lentilles, les rondelles de carotte, l''eau et l''assaisonnement dans la cuve du Cookeo.')
, (6, 4, 'Mettre en mode Cuisson sous pression pendant 20 minutes.')
, (7, 1, 'Laver et éplucher les pommes de terre.')
, (7, 2, 'Couper les pommes de terre en lamelles de 1 cm d''épaisseur puis en bâtonnets.')
, (7, 3, 'Dans un saladier, mélanger les pommes de terre avec l''huile.')
, (7, 4, 'Préchauffer le four à 210°C (Th.7).')
, (7, 5, 'Étaler les frites sur une plaque.')
, (7, 6, 'Faire cuire pendant 40 min.')
, (8, 1, 'Préchauffer le four à 210°C (Th.7).')
, (8, 2, 'Laver et peler les pommes de terre. Les couper en morceaux de taille moyenne.')
, (8, 3, 'Éplucher et émincer l''oignon.')
, (8, 4, 'Badigeonner d''huile un plat à gratin. Déposer les pommes de terre et l''oignon.')
, (8, 5, 'Parsemer de paprika et d''herbes de Provence. Saler et poivrer. Mélanger délicatement.')
, (8, 6, 'Enfourner pendant 40 min.')
, (9, 1, 'Démarrer le mode Dorer du Cookeo.')
, (9, 2, 'Émincer l''oignon. Tailler les courgettes en grosses rondelles. Éplucher et découper les pommes de terre en gros morceaux.')
, (9, 3, 'Lorsque le préchauffage est terminé, verser un filet d''huile d''olive et faire revenir l''oignon pendant 2 minutes.')
, (9, 4, 'Ajouter les rondelles de courgettes et les morceaux de pommes de terre. Recouvrir d''eau et déposer le cube de bouillon de légumes.')
, (9, 5, 'Lancer le mode Cuisson sous pression pendant 15 min.')
, (9, 6, 'Lorsque la cuisson est terminée, ouvrir le couvercle, ajouter la crème fraîche et mixer la préparation jusqu''à obtenir une soupe oncteuse.')
, (10, 1, 'Laver, éplucher et râper les carottes dans un saladier.')
, (10, 2, 'Pour la vinaigrette, mélanger le vinaigre et l''huile dans un bol.')
, (10, 3, 'Verser la vinaigrette sur les carottes.')
, (10, 4, 'Ajouter le sel et le poivre.')
, (11, 1, 'Laver et couper les tomates en tranches. Disposer le tout dans les assiettes.')
, (11, 2, 'Pour la vinaigrette, mélanger le vinaigre et l''huile dans un bol.')
, (11, 3, 'Verser la vinaigrette sur les tomates.')
, (11, 4, 'Ajouter le sel et le poivre.')
, (12, 1, 'Éplucher et couper en morceaux les pommes de terre et les carottes. Éplucher et émincer l''oignon. Peler les tomates.')
, (12, 2, 'Dans la cuve du Cookeo, mettre les pommes de terre, les carottes, les tomates et l''oignon. Ajouter le bouillon cube.')
, (12, 3, 'Mettre en mode Cuisson sous pression pendant 10 min.')
, (12, 4, 'A la fin de la cuisson, mixer la préparation et ajouter la crème fraîche. Rectifier l''assaisonnement.')
, (13, 1, 'Ajouter dans l''eau le cube de bouillon dans l''eau.')
, (13, 2, 'Couvrir et porter le tout à ébullition.')
, (13, 3, 'Ajouter les vermicelles. Toujours à couvert, laisser cuire le temps indiquer sur le paquet.')
;

INSERT INTO Recipe_Ingredient (RecipeId, IngredientId, Quantity, UnitId)
VALUES (1, 3, 180, 1)
, (1, 10, 1, 12)
, (1, 8, 3, 11)
, (1, 5, 5, 4)
, (1, 14, 15, 4)
, (1, 15, 100, 1)
, (1, 13, 200, 1)
, (1, 12, 1, 11)
, (1, 7, 1, 13)
, (1, 16, 1, 13)
, (2, 12, 3, 11)
, (2, 19, 2, 11)
, (2, 18, 5, 11)
, (2, 20, 1, 11)
, (2, 17, 1, 11)
, (2, 24, 1, 11)
, (2, 4, 150, 5)
, (2, 21, 1, 11)
, (2, 6, 1, 8)
, (2, 7, 1, 13)
, (2, 16, 1, 13)
, (3, 25, 1.4, 2)
, (3, 14, 20, 4)
, (3, 26, 5, 4)
, (3, 27, 1, 13)
, (4, 29, 2, 11)
, (4, 26, 20, 4)
, (4, 28, 1, 14)
, (4, 7, 1, 13)
, (4, 16, 1, 13)
, (5, 29, 2, 11)
, (5, 6, 1, 8)
, (5, 31, 1, 8)
, (5, 30, 2, 8)
, (5, 7, 1, 13)
, (5, 16, 1, 13)
, (6, 32, 2, 11)
, (6, 9, 300, 1)
, (6, 17, 1, 11)
, (6, 33, 2, 11)
, (6, 4, 1, 3)
, (6, 7, 1, 13)
, (6, 16, 1, 13)
, (7, 34, 800, 1)
, (7, 5, 2, 8)
, (7, 7, 1, 13)
, (8, 34, 800, 1)
, (8, 5, 2, 8)
, (8, 7, 1, 13)
, (8, 16, 1, 13)
, (8, 35, 1, 13)
, (9, 12, 4, 11)
, (9, 25, 250, 1)
, (9, 17, 1, 11)
, (9, 26, 20, 4)
, (9, 22, 1, 11)
, (9, 6, 1, 8)
, (9, 4, 1, 3)
, (9, 7, 1, 13)
, (9, 16, 1, 13)
, (10, 33, 6, 11)
, (10, 6, 2, 8)
, (10, 31, 2, 8)
, (10, 7, 1, 13)
, (10, 16, 1, 13)
, (11, 18, 5, 11)
, (11, 6, 2, 8)
, (11, 31, 2, 8)
, (11, 7, 1, 13)
, (11, 16, 1, 13)
, (12, 18, 3, 11)
, (12, 25, 200, 2)
, (12, 33, 2, 11)
, (12, 17, 1, 11)
, (12, 26, 20, 4)
, (12, 7, 1, 13)
, (12, 16, 1, 13)
, (13, 4, 700, 5)
, (13, 23, 1, 11)
, (13, 36, 100, 1)
;

INSERT INTO MealKind(Id, Code, Name)
VALUES (1, 'BREAKFAST', 'Petit-déjeuner')
, (2, 'LUNCH', 'Déjeuner')
, (3, 'DINNER', 'Dîner')
;

INSERT INTO MealItem (Id, Name, WeekProposedMaxCount, RecipeId)
VALUES (1, 'Boudin noir', 1, NULL)
, (2, 'Riz', 2, NULL)
, (3, 'Spaghettis', 2, NULL)
, (4, 'Pesto', 1, NULL)
, (5, 'Salade de riz tomates maïs oeufs', 2, NULL)
, (6, 'Salade de pâtes tomates oeufs emmental', 2, NULL)
, (7, 'Velouté de tomates', 2, 12)
, (8, 'Velouté de courgettes', 2, 9)
, (9, 'Pommes de terre à la vinaigrette', 2, NULL)
, (10, 'Cake à la fêta et à la courgette', 2, 1)
, (11, 'Salade', 5, NULL)
, (12, 'Chipolatas', 1, NULL)
, (13, 'Saucisses aux lentilles', 1, 6)
, (14, 'Petit salé aux lentilles', 1, NULL)
, (15, 'Hachis parmentier', 2, NULL)
, (16, 'Jambon', 1, NULL)
, (17, 'Purée de pommes de terre', 1, 3)
, (18, 'Frites au four', 1, 7)
, (19, 'Pommes de terre rôties', 1, 8)
, (20, 'Purée de carottes', 1, NULL)
, (21, 'Courgettes farcies', 1, NULL)
, (22, 'Tomates farcies', 1, NULL)
, (23, 'Salade de quinoa, fêta, tomates, aubergines', 2, NULL)
, (24, 'Concombres à la crème', 1, 4)
, (25, 'Concombres à la vinaigrette', 1, 5)
, (26, 'Tomates à la vinaigrette', 1, 11)
, (27, 'Tomates mozzarella', 1, NULL)
, (28, 'Gratin de coquillettes', 2, NULL)
, (29, 'Bouillon de volaille aux vermicelles', 1, 13)
, (30, 'Carottes râpées', 1, 10)
, (31, 'Gratin de courgettes', 2, NULL)
, (32, 'Ratatouille', 2, 2)
;

INSERT INTO Meal (Id)
VALUES (1) -- Boudin noir + Riz
, (2) -- Spaghettis + Pesto
, (3) -- Salade de riz tomates maïs oeufs
, (4) -- Salade de pâtes tomates oeufs emmental
, (5) -- Velouté de tomates
, (6) -- Velouté de courgettes
, (7) -- Pommes de terre à la vinaigrette
, (8) -- Cake à la fêta et à la courgette + Salade
, (9) -- Chipolatas + Riz
, (10) -- Saucisses aux lentilles
, (11) -- Petit salé aux lentilles
, (12) -- Hachis parmentier + Salade
, (13) -- Jambon + Riz
, (14) -- Jambon + Purée de pommes de terre
, (15) -- Jambon + Frites au four
, (16) -- Jambon + Pommes de terre sautées
, (17) -- Boudin noir + Purée de pommes de terre
, (18) -- Chipolatas + Purée de pommes de terre
, (19) -- Chipolatas + Purée de carottes
, (20) -- Jambon + Purée de carottes
, (21) -- Courgette farcie + Riz
, (22) -- Tomate farcie + Riz
, (23) -- Salade de quinoa, fêta, tomates, aubergines
, (24) -- Concombres à la crème
, (25) -- Concombres à la vinaigrette
, (26) -- Salade de tomates
, (27) -- Tomates mozzarella
, (28) -- Gratin de pâtes
, (29) -- Bouillon de volailles aux vermicelles
, (30) -- Carottes râpées
, (31) -- Jambon + Gratin de courgettes
, (32) -- Gratin de courgettes + Riz
, (33) -- Ratatouille + Riz
, (34) -- Boudin noir + Purée de carottes
;

INSERT INTO Meal_MealItem (MealId, MealItemId)
VALUES (1, 1)
, (1, 2)
, (2, 3)
, (2, 4)
, (3, 5)
, (4, 6)
, (5, 7)
, (6, 8)
, (7, 9)
, (8, 10)
, (8, 11)
, (9, 12)
, (9, 2)
, (10, 13)
, (11, 14)
, (12, 15)
, (12, 11)
, (13, 16)
, (13, 2)
, (14, 16)
, (14, 17)
, (15, 16)
, (15, 18)
, (16, 16)
, (16, 19)
, (17, 1)
, (17, 17)
, (18, 12)
, (18, 17)
, (19, 12)
, (19, 20)
, (20, 16)
, (20, 20)
, (21, 21)
, (21, 2)
, (22, 22)
, (22, 2)
, (23, 23)
, (24, 24)
, (25, 25)
, (26, 26)
, (27, 27)
, (28, 28)
, (29, 29)
, (30, 30)
, (31, 16)
, (31, 31)
, (32, 31)
, (32, 2)
, (33, 32)
, (33, 2)
, (34, 1)
, (34, 20)
;

INSERT INTO Meal_MealKind (MealId, MealKindId)
VALUES (1, 2)
, (1, 3)
, (2, 2)
, (2, 3)
, (3, 2)
, (3, 3)
, (4, 2)
, (4, 3)
, (5, 3)
, (6, 3)
, (7, 2)
, (7, 3)
, (8, 2)
, (8, 3)
, (9, 2)
, (9, 3)
, (10, 2)
, (10, 3)
, (11, 2)
, (11, 3)
, (12, 2)
, (12, 3)
, (13, 2)
, (13, 3)
, (14, 2)
, (14, 3)
, (15, 2)
, (15, 3)
, (16, 2)
, (16, 3)
, (17, 2)
, (17, 3)
, (18, 2)
, (18, 3)
, (19, 2)
, (19, 3)
, (20, 2)
, (20, 3)
, (21, 2)
, (21, 3)
, (22, 2)
, (22, 3)
, (23, 2)
, (23, 3)
, (24, 3)
, (25, 3)
, (26, 3)
, (27, 3)
, (28, 2)
, (28, 3)
, (29, 3)
, (30, 3)
, (31, 2)
, (31, 3)
, (32, 2)
, (32, 3)
, (33, 2)
, (33, 3)
, (34, 2)
, (34, 3)
;